date,prediction,actual
2025-06-07,"The stock market is likely to react bearish the next day. Geopolitical tensions in Europe, Ukraine's drone offensive against Russia, and missile strikes on Kiev by Moscow could increase uncertainty and risk aversion among investors, leading to a decline in stock prices. Additionally, the potential for a US trade war and political conflicts between leaders like Trump and Musk may further contribute to market volatility.",Bullish
2025-06-07,"The stock market is likely to react bearishly the next day due to escalating geopolitical tensions between Ukraine and Russia, as evidenced by the drone offensive and missile strikes reported. Investors may seek safe-haven assets amidst the uncertainty and potential for further conflict.",Bullish
2025-06-07,"The stock market is likely to react bearishly the next day. Geopolitical tensions between Europe and Russia, as well as the escalating conflict between Ukraine and Russia, could lead to increased uncertainty and risk aversion among investors, causing a decline in stock prices. Oil traders hedging their exposure also signals caution in the market.",Bullish
2025-06-07,"The stock market is likely to react bearishly the next day. The geopolitical tensions between Europe and Russia, as well as the escalating conflict between Ukraine and Russia, could lead to increased uncertainty and risk aversion among investors, causing a downturn in the market. Additionally, the political instability and falling out between prominent figures like Trump and Musk could further contribute to a negative market sentiment.",Bullish
2025-06-07,"The stock market is likely to react bearish the next day due to the escalating geopolitical tensions between Ukraine and Russia, as well as the uncertainty surrounding the US trade war and political instability in Europe. Investors may adopt a cautious approach and opt for safe-haven assets.",Bullish
2025-06-07,"The stock market is likely to react bullishly the next day. The announcement of ARC Raiders release date and the positive performance of Stablecoin issuer Circle's stock indicate positive sentiment in the market, potentially leading to an increase in stock prices.",Bullish
2025-06-07,"The stock market is likely to react bearishly the next day. The geopolitical news headlines suggest ongoing tensions and conflicts, which could lead to uncertainty and risk aversion among investors, causing a downturn in the market. Additionally, the mention of a US trade war and missile strikes adds further negative sentiment.",Bullish
2025-06-07,"The stock market is likely to react bearishly the next day. The geopolitical tensions between Europe, Ukraine, and Russia, as well as the uncertainty surrounding oil trading and political conflicts, may lead to increased market volatility and investor caution.",Bullish
2025-06-07,"The stock market is likely to react bearish the next day. Geopolitical tensions between Europe, Ukraine, and Russia, as well as uncertainties surrounding oil trading and political relationships, could lead to increased market volatility and investor caution. Additionally, the falling out between Trump and Musk and potential economic instability reflected in job data could contribute to a negative market sentiment.",Bullish
2025-06-07,"The stock market is likely to react bearishly to the geopolitical news headlines. The lack of diplomatic outcomes in Europe, oil traders hedging their exposure, conflict between Ukraine and Russia, and other political tensions suggest a heightened level of uncertainty and risk, which could lead to a negative impact on market sentiment.",Bullish
2025-06-07,"The stock market is likely to react bearish the next day. The geopolitical tensions between Europe, Ukraine, and Russia, as well as the uncertainty surrounding oil trading and political conflicts, may lead to increased market volatility and investor caution. Additionally, the falling out between Trump and Musk could further contribute to a negative market sentiment.",Bullish
2025-06-07,"The stock market is likely to react bearishly the next day. The geopolitical tensions between Europe, Ukraine, and Russia, as well as the uncertainty surrounding US-China trade relations and military activities, could lead to increased market volatility and investor caution.",Bullish
2025-06-07,"The stock market is likely to react bearish the next day. The geopolitical news headlines suggest ongoing tensions and conflicts in various regions, which could lead to increased uncertainty and risk aversion among investors. Additionally, the political instability and military threats mentioned could further dampen market sentiment.",Bullish
2025-06-07,"The stock market is likely to react bearishly the next day. The geopolitical news headlines suggest escalating tensions between Ukraine and Russia, as well as uncertainties surrounding European diplomacy and US-China relations. These factors could lead to increased market volatility and investor caution.",Bullish
2025-06-07,"The stock market is likely to react bearishly the next day. The geopolitical tensions between Europe and Russia, as well as the escalating conflict between Ukraine and Russia, could heighten investor uncertainty and lead to a sell-off in the markets. Additionally, the potential trade war between Canada and the US could further contribute to market volatility.",Bullish
2025-06-07,"The stock market is likely to react bearishly to these geopolitical news headlines as they indicate political instability and tensions between major political parties in India. The criticism and accusations between BJP and Congress leaders, as well as controversies in states like West Bengal and Assam, could create uncertainty and negatively impact investor confidence.",Bullish
2025-06-07,"The stock market is likely to react bearishly the next day. The geopolitical tensions between Europe and Russia, as well as the escalating conflict between Ukraine and Russia, could lead to increased uncertainty and risk aversion among investors, causing a downturn in the market. Additionally, the news of missile and drone strikes on Ukrainian cities by Moscow could further heighten geopolitical concerns and negatively impact market sentiment.",Bullish
2025-06-07,"The stock market is likely to react bearish the next day. Geopolitical tensions between Europe and Russia, as well as the escalating conflict between Ukraine and Russia, are likely to create uncertainty and fear among investors, leading to a decrease in market confidence. Additionally, the mention of a US trade war and missile strikes in Ukraine further contribute to a negative market sentiment.",Bullish
2025-06-07,"The stock market is likely to react bearishly to the geopolitical news headlines. The lack of diplomatic outcomes in Europe, tensions between Ukraine and Russia, and the falling out between Trump and Musk may increase uncertainty and risk aversion among investors. Additionally, the potential for missile and drone strikes in Ukraine could further escalate geopolitical tensions, leading to a negative market sentiment.",Bullish
2025-06-07,Neutral,
2025-06-08,Neutral,Bullish
2025-06-08,Neutral,Bullish
2025-06-08,Neutral,Bullish
2025-06-08,Neutral,Bullish
2025-06-08,Neutral,
